train_id,timestamp,segment_id,lat,lon,speed_kmph
T1,2025-09-24T11:10:41.437143,S7,0.0010107049304984516,0.0070100550089045146,57.5
T1,2025-09-24T11:11:10.437143,S6,0.0003505745966478202,0.009793436635848772,63.2
T1,2025-09-24T11:12:41.437143,S6,0.002267270380507591,0.001285041642958673,70.7
T1,2025-09-24T11:13:40.437143,S4,0.0009733369789892444,0.00512395469474752,63.8
T1,2025-09-24T11:14:14.437143,S4,0.007190187270718732,0.0040194471539613304,66.7
T1,2025-09-24T11:15:23.437143,S4,0.005803758926931937,0.0023331953819272088,65.6
T1,2025-09-24T11:16:18.437143,S4,0.0020444024801364157,0.0077922844608770145,52.0
T1,2025-09-24T11:17:36.437143,S3,0.001262277497843195,0.0042077238862504775,66.5
T1,2025-09-24T11:18:43.437143,S3,0.002971629829986444,0.003248236839896188,66.0
T1,2025-09-24T11:19:22.437143,S3,0.0028307784350629253,0.0030835263780145507,68.6
T1,2025-09-24T11:20:39.437143,S3,0.004495653900661399,0.005714276562503181,73.3
T1,2025-09-24T11:21:26.437143,S3,0.00979900423370033,0.008415585015796477,53.6
T1,2025-09-24T11:22:32.437143,S3,0.0008053790448454634,0.003252360621725402,68.5
T1,2025-09-24T11:23:08.437143,S3,0.0035337541486961024,0.001924021745352943,58.4
T1,2025-09-24T11:24:27.437143,S3,0.0003272698705885468,0.006029421195087536,66.6
T1,2025-09-24T11:25:06.437143,S3,0.0009146889401044489,0.007377448135800522,59.9
T1,2025-09-24T11:26:31.437143,S7,0.002101869319495827,0.007681864633292365,58.6
T1,2025-09-24T11:27:43.437143,S7,0.004229344472372303,0.00035142095394234294,68.1
T1,2025-09-24T11:28:22.437143,S7,0.006149196313274718,0.009118371609691442,78.4
T1,2025-09-24T11:29:14.437143,S7,0.00030099659833218386,9.444131223969365e-05,63.5
T2,2025-09-24T11:37:27.437143,S8,0.0063341451696817775,0.002914003000538048,54.0
T2,2025-09-24T11:38:12.437143,S8,0.00013916089222546947,0.0031127998579884375,38.2
T2,2025-09-24T11:39:41.437143,S7,0.004593154166501527,0.0012121019112043296,44.0
T2,2025-09-24T11:40:41.437143,S8,0.00618163451618363,0.0007954328519986587,56.2
T2,2025-09-24T11:41:24.437143,S3,0.008554528988079412,0.005105709676563288,38.7
T2,2025-09-24T11:42:13.437143,S8,0.003451835523081027,0.0028000176382822484,47.3
T2,2025-09-24T11:43:15.437143,S8,0.0031124374216022033,0.007407632886907017,55.2
T2,2025-09-24T11:44:41.437143,S8,0.0011555201444583053,0.007129116670293643,47.4
T2,2025-09-24T11:45:22.437143,S3,0.0027583653011328023,0.0014093381477604005,45.5
T2,2025-09-24T11:46:33.437143,S3,0.006190821259165635,0.007817448620235973,48.6
T2,2025-09-24T11:47:09.437143,S3,0.0032560304408616927,0.0036336301097660284,48.1
T2,2025-09-24T11:48:43.437143,S3,0.00966257050859848,0.004139476112288513,47.1
T2,2025-09-24T11:49:28.437143,S2,0.001495314824999745,0.004264057891571791,51.1
T2,2025-09-24T11:50:14.437143,S2,0.009965839830959762,0.006989169593872277,43.5
T2,2025-09-24T11:51:41.437143,S2,0.008553772427880066,0.0016680074742334906,49.6
T2,2025-09-24T11:52:38.437143,S2,0.0013178284889863135,0.0012727269039238087,57.7
T2,2025-09-24T11:53:11.437143,S2,0.001414585170860372,0.0027332801361025926,55.1
T2,2025-09-24T11:54:27.437143,S2,0.0012086986801000588,0.008523374130281881,53.9
T2,2025-09-24T11:55:17.437143,S3,0.006328214074402784,0.0038402173805400152,44.4
T2,2025-09-24T11:56:07.437143,S1,0.009742286696834546,0.008589944598272909,51.0
T2,2025-09-24T11:57:18.437143,S1,0.0074420721386289895,0.008600877713255892,49.6
T2,2025-09-24T11:58:32.437143,S1,0.006023433678369651,0.00120573545937117,46.0
T2,2025-09-24T11:59:19.437143,S1,0.006450653517446824,0.007772497403322359,43.1
T2,2025-09-24T12:00:14.437143,S1,0.001876383967990668,0.009316957254414086,43.4
T2,2025-09-24T12:01:36.437143,S8,0.005747358499138813,0.0018888786962480797,43.6
T2,2025-09-24T12:02:18.437143,S8,0.009899928685817279,0.007942780888134415,46.4
T2,2025-09-24T12:03:25.437143,S8,0.0018382362686554243,0.0018335483620656957,49.5
T2,2025-09-24T12:04:35.437143,S1,0.00043939341168859446,0.0034380719457778788,51.1
T2,2025-09-24T12:05:24.437143,S7,0.0039774430461303025,0.008646135324891748,57.4
T2,2025-09-24T12:06:19.437143,S7,0.008353126072260564,0.0018448745530465149,49.2
T2,2025-09-24T12:07:12.437143,S8,0.0038615857021976996,0.00010751072286746655,55.0
T2,2025-09-24T12:08:06.437143,S8,0.003369725511277911,0.009392083689718158,56.6
T3,2025-09-24T11:15:28.437143,S3,0.007917079128121358,0.002394459614777984,81.9
T3,2025-09-24T11:16:32.437143,S5,0.006325821258050538,0.009049228652756446,81.5
T3,2025-09-24T11:17:44.437143,S5,0.005624125498355228,0.006373938843271076,81.2
T3,2025-09-24T11:18:11.437143,S5,0.006865749200210068,0.0037001260726954644,79.1
T3,2025-09-24T11:19:39.437143,S1,0.00491459661370953,0.0003121436060254623,90.0
T3,2025-09-24T11:20:39.437143,S1,0.008900338128324229,0.0004875314076474779,85.2
T3,2025-09-24T11:21:09.437143,S1,0.00013626341567631208,0.008988724768099421,82.3
T3,2025-09-24T11:22:31.437143,S1,0.009917078172892056,0.007424084026836271,82.6
T3,2025-09-24T11:23:12.437143,S1,0.006326803238060805,0.009869934238228807,79.1
T3,2025-09-24T11:24:38.437143,S1,0.008314209107393406,0.00048538964452033985,78.9
T3,2025-09-24T11:25:12.437143,S1,0.0068841309795313445,0.009855374921213021,73.4
T3,2025-09-24T11:26:36.437143,S1,0.006674395472248282,0.009469904687597093,74.8
T3,2025-09-24T11:27:17.437143,S1,0.007477237982075574,0.0070721168366049,75.5
T3,2025-09-24T11:28:28.437143,S1,0.004535727411753057,0.007686125265563235,78.7
T4,2025-09-24T11:02:43.437143,S4,0.002529778553388622,0.00963049115321301,77.1
T4,2025-09-24T11:03:16.437143,S4,0.004164790690414313,0.0066264204627510745,84.6
T4,2025-09-24T11:04:29.437143,S3,0.005745649348172934,0.0006536299859681238,75.0
T4,2025-09-24T11:05:19.437143,S3,0.005129445759673351,0.001650321967111378,74.6
T4,2025-09-24T11:06:15.437143,S3,0.00836965470534643,0.008237354903576067,84.8
T4,2025-09-24T11:07:06.437143,S3,0.0010648272964572149,0.009058034447327388,86.0
T4,2025-09-24T11:08:19.437143,S3,0.005636208864513575,0.008105506557505247,74.3
T4,2025-09-24T11:09:10.437143,S3,0.004005283595312239,0.00418119697518139,75.8
T4,2025-09-24T11:10:40.437143,S3,0.0014933642072280017,0.004018534360391139,73.4
T4,2025-09-24T11:11:10.437143,S3,0.0015181406434038158,0.007769862798233395,84.0
T5,2025-09-24T11:04:34.437143,S5,0.00457575239073172,0.003457902850550256,67.5
T5,2025-09-24T11:05:36.437143,S5,0.0011451373801926767,0.009552131081863043,68.4
T5,2025-09-24T11:06:26.437143,S5,0.0011563109476937505,0.003383656742327117,72.1
T5,2025-09-24T11:07:07.437143,S5,0.006396973959268641,0.004838103637307494,78.6
T5,2025-09-24T11:08:24.437143,S5,0.0012914881593031303,0.005398099755076918,62.7
T5,2025-09-24T11:09:16.437143,S5,0.005215629719717964,0.0018523589092122018,65.2
T5,2025-09-24T11:10:15.437143,S5,0.0038749070139648236,0.004821359417077275,69.5
T5,2025-09-24T11:11:09.437143,S7,0.002239101858500573,0.0009211069186327525,66.9
T5,2025-09-24T11:12:34.437143,S7,0.002488703046386891,0.001619810767534251,53.9
T5,2025-09-24T11:13:33.437143,S7,0.003307540278364961,0.0069783661578096704,59.5
T5,2025-09-24T11:14:26.437143,S3,0.0032225586641953597,0.00907963359635937,72.4
T5,2025-09-24T11:15:23.437143,S3,0.003289696908663087,0.006760874410053137,62.3
T5,2025-09-24T11:16:22.437143,S3,0.003922949675283828,0.002656820345883314,52.4
T5,2025-09-24T11:17:44.437143,S3,0.009081470250306539,0.004235370710687782,65.1
T5,2025-09-24T11:18:20.437143,S3,0.006986690714537185,0.005567291355277808,60.9
T5,2025-09-24T11:19:29.437143,S3,0.002577934760849954,0.008961400562660567,68.5
T5,2025-09-24T11:20:43.437143,S3,0.009401905893820384,0.006239782676308983,68.0
T5,2025-09-24T11:21:13.437143,S3,0.005064650177458457,0.0065398946769854175,58.5
T5,2025-09-24T11:22:27.437143,S4,0.008997735424208125,0.0016716807795503586,52.0
T5,2025-09-24T11:23:40.437143,S4,0.0037313857657502525,0.0005610555816401164,63.3
T5,2025-09-24T11:24:38.437143,S4,0.009331479611612268,0.0034900527021161786,62.0
T5,2025-09-24T11:25:39.437143,S4,0.008037864473835159,0.0007246418253873655,61.2
T5,2025-09-24T11:26:28.437143,S4,0.003343922989586633,0.007501143891215273,68.9
T6,2025-09-24T10:52:31.437143,S2,0.004395090118767487,0.005908591029696851,64.4
T6,2025-09-24T10:53:12.437143,S2,0.0005772792249657378,0.00021414594869216153,69.8
T6,2025-09-24T10:54:20.437143,S2,0.006574072405196561,0.005198873978290704,65.3
T6,2025-09-24T10:55:14.437143,S5,0.0036565852285016633,0.004518655479768496,52.8
T6,2025-09-24T10:56:06.437143,S5,0.0035081558897215328,0.008325810039594286,71.7
T6,2025-09-24T10:57:42.437143,S5,0.008533802805186362,0.0012857502056504465,75.3
T6,2025-09-24T10:58:38.437143,S5,0.004957298617420584,0.009065557879100399,62.6
T6,2025-09-24T10:59:44.437143,S5,0.00494869805316043,0.005576734013712944,74.3
T6,2025-09-24T11:00:24.437143,S5,0.0011639024995973458,0.0098730188298077,59.0
T6,2025-09-24T11:01:23.437143,S3,0.006186020261709449,0.007999090139411875,64.8
T6,2025-09-24T11:02:04.437143,S3,0.007399196077250366,0.005227329419941002,69.6
T6,2025-09-24T11:03:17.437143,S3,0.0030427090916628676,0.004917388399500966,68.5
T6,2025-09-24T11:04:28.437143,S3,0.009233535065215927,0.006805013225779171,69.3
T6,2025-09-24T11:05:10.437143,S3,0.0002485758296418117,0.002614949706824209,57.9
T6,2025-09-24T11:06:09.437143,S3,0.00568984760265301,0.0071979791152173575,68.9
T6,2025-09-24T11:07:41.437143,S3,0.0069192592892612995,0.0053358015083128955,71.1
T6,2025-09-24T11:08:41.437143,S3,0.008312814736570626,0.006708656063745318,62.9
T6,2025-09-24T11:09:06.437143,S7,0.0034786187238263454,5.172404165987965e-05,62.6
T6,2025-09-24T11:10:25.437143,S7,0.0017457485722274092,0.00393274163469812,67.0
T6,2025-09-24T11:11:34.437143,S7,0.0040901462747424105,0.00869215160767288,67.5
T6,2025-09-24T11:12:29.437143,S7,0.005898616904378047,0.0018231651332978394,70.0
T6,2025-09-24T11:13:41.437143,S4,0.003853739822247302,0.0026118650665967135,65.6
T6,2025-09-24T11:14:14.437143,S4,0.005825857767289776,0.00225012651637568,63.5
T6,2025-09-24T11:15:20.437143,S4,0.0009490719312840357,0.0002865742248731129,60.2
T6,2025-09-24T11:16:32.437143,S4,0.007949083335374212,0.007517481926139804,66.6
T6,2025-09-24T11:17:04.437143,S4,0.0031061425864385285,0.0010371063700884398,55.7
T6,2025-09-24T11:18:38.437143,S4,0.003412889396205945,0.006520568199554354,73.7
T6,2025-09-24T11:19:30.437143,S1,0.0021584785611015933,0.0016609552899846248,63.5
T6,2025-09-24T11:20:27.437143,S1,0.00011046739793315829,0.008658913600574455,66.9
T6,2025-09-24T11:21:04.437143,S1,0.002143456280029822,0.009759925697174402,62.1
T6,2025-09-24T11:22:28.437143,S1,0.0033342612764324696,0.0017291511600762389,76.6
T6,2025-09-24T11:23:29.437143,S1,0.001517110060780702,0.005624069268938182,68.8
T6,2025-09-24T11:24:16.437143,S1,0.006572740336826577,0.009400782813354694,75.3
T7,2025-09-24T11:42:17.437143,S6,0.00035580939513254697,0.006813933656694984,47.3
T7,2025-09-24T11:43:36.437143,S6,0.00458881594547088,0.00951663173228299,47.9
T7,2025-09-24T11:44:05.437143,S6,0.004298053199526112,0.0054994748257855,49.4
T7,2025-09-24T11:45:33.437143,S2,0.0017395862694737263,0.0030938718311701854,42.0
T7,2025-09-24T11:46:15.437143,S2,0.006923079416858279,0.00741663608696857,54.2
T7,2025-09-24T11:47:33.437143,S1,0.004309115847507626,0.0061030955841852395,40.8
T7,2025-09-24T11:48:06.437143,S1,0.009962704613646728,0.004576987067583154,53.4
T7,2025-09-24T11:49:06.437143,S1,0.007387692326221583,0.0063637885545453085,54.6
T7,2025-09-24T11:50:21.437143,S1,0.008602552080655485,0.005971917190383475,50.2
T7,2025-09-24T11:51:06.437143,S1,0.006928586589364933,0.009768567318031414,57.6
T7,2025-09-24T11:52:21.437143,S1,0.007616110715160805,0.0010776524515037512,52.6
T7,2025-09-24T11:53:30.437143,S7,0.0027695609222821217,0.0012467972313605592,44.4
T7,2025-09-24T11:54:43.437143,S7,0.005095227854902224,0.008962066822910177,56.3
T7,2025-09-24T11:55:26.437143,S5,0.003898779657140837,0.007573611409186971,36.3
T7,2025-09-24T11:56:12.437143,S4,0.006652834343891399,0.0017876999520836446,48.1
T7,2025-09-24T11:57:32.437143,S5,0.004081494829089457,0.00736018255992149,46.3
T8,2025-09-24T11:12:38.437143,S2,0.0035791859983809082,0.00966102783942325,87.3
T8,2025-09-24T11:13:16.437143,S2,0.005727910503347573,0.00039603122332276477,86.7
T8,2025-09-24T11:14:20.437143,S1,0.009460132807571237,0.006392536362444055,80.5
T8,2025-09-24T11:15:26.437143,S6,0.007112533326894324,0.0012688366494982494,85.1
T8,2025-09-24T11:16:05.437143,S6,0.00484431153493817,0.00815428646235661,79.4
T8,2025-09-24T11:17:29.437143,S6,0.0005458553661239374,0.009298871158840183,78.7
T8,2025-09-24T11:18:05.437143,S6,0.006092746551578783,0.00669704964969176,84.9
T8,2025-09-24T11:19:34.437143,S8,0.0023343254392121206,0.0015641969245813192,73.0
T8,2025-09-24T11:20:22.437143,S8,0.008961854515328934,0.0047413635244705965,73.6
T8,2025-09-24T11:21:12.437143,S8,0.009993964048144241,0.006810886161471658,81.7
T8,2025-09-24T11:22:37.437143,S8,0.002225936030847063,0.0023954370818634364,87.8
T8,2025-09-24T11:23:27.437143,S8,0.009146276508928495,0.00879578987816167,73.2
T8,2025-09-24T11:24:25.437143,S8,0.000826903912809952,0.005096254290955816,81.6
T8,2025-09-24T11:25:04.437143,S8,0.009196823089541674,0.0057294045128645065,79.3
T8,2025-09-24T11:26:38.437143,S2,0.002841170426629388,0.00019247154504653196,77.7
T8,2025-09-24T11:27:23.437143,S2,0.005579900754574713,0.005132904637182911,86.0
T8,2025-09-24T11:28:22.437143,S2,0.008077075378328413,0.009522594748530996,81.8
T8,2025-09-24T11:29:25.437143,S2,0.00037438573760114615,0.009805226712146725,88.7
T8,2025-09-24T11:30:32.437143,S2,0.009171310231025492,0.0010817818577392503,73.5
T8,2025-09-24T11:31:25.437143,S2,0.0022080632776712464,0.003317498852258748,80.7
T8,2025-09-24T11:32:39.437143,S2,0.0045333403683884286,0.004433815944270122,80.2
T8,2025-09-24T11:33:33.437143,S3,0.005675668980109836,0.0018727249460317552,73.7
T8,2025-09-24T11:34:33.437143,S3,0.009020927430140956,0.009563080865620863,91.7
T8,2025-09-24T11:35:43.437143,S3,0.008228725947847458,0.008413418402887257,86.6
T8,2025-09-24T11:36:27.437143,S3,0.004850433547278297,0.007569472334809908,85.0
T8,2025-09-24T11:37:38.437143,S3,0.004563424419507697,0.0066578506227684036,80.0
T9,2025-09-24T11:39:19.437143,S3,0.004757756915371111,0.006003139699117437,91.6
T9,2025-09-24T11:40:34.437143,S2,0.007337213324094376,0.008659148959041216,75.8
T9,2025-09-24T11:41:16.437143,S2,0.007663134607343073,0.003273993306449071,80.6
T9,2025-09-24T11:42:07.437143,S6,0.006029166492275161,0.007276556923044432,76.3
T9,2025-09-24T11:43:39.437143,S6,0.00903763895013593,0.004625202330002255,78.3
T9,2025-09-24T11:44:39.437143,S6,0.0012919537362540167,0.006157325401687859,82.3
T9,2025-09-24T11:45:09.437143,S6,0.00876928230982338,0.0015552888837948198,70.7
T9,2025-09-24T11:46:07.437143,S6,0.003638152745900224,0.0075687492736214446,83.4
T9,2025-09-24T11:47:38.437143,S6,0.0025018708455650986,0.002926684774123911,84.0
T9,2025-09-24T11:48:39.437143,S2,0.007012462063965305,0.00252322271156068,75.1
T9,2025-09-24T11:49:17.437143,S8,0.000222635542330214,0.0019163984678059287,83.6
T10,2025-09-24T10:53:08.437143,S1,0.006886180152112432,0.005028021095792843,59.7
T10,2025-09-24T10:54:41.437143,S1,0.002390843471693739,0.0005179109465744203,64.1
T10,2025-09-24T10:55:18.437143,S1,0.0017299232929595821,0.0040217695516131914,64.3
T10,2025-09-24T10:56:15.437143,S2,0.0020264688414878993,0.007755431945995591,59.7
T10,2025-09-24T10:57:25.437143,S2,0.0022945951721561274,0.008825182651038082,66.0
T10,2025-09-24T10:58:27.437143,S2,0.009698339760337788,0.0036622782041869375,62.5
T10,2025-09-24T10:59:29.437143,S2,0.004353109690540094,0.009665044043365562,63.9
T10,2025-09-24T11:00:08.437143,S2,0.0049909974393177944,0.002257476333544214,62.3
T10,2025-09-24T11:01:04.437143,S2,0.002326916593335856,0.0031366843856548135,62.2
T10,2025-09-24T11:02:31.437143,S2,0.0023764174273074932,0.00716666218376179,65.9
T10,2025-09-24T11:03:14.437143,S2,0.003592655128456038,0.007613378434048312,66.5
T10,2025-09-24T11:04:17.437143,S2,0.005888774080298196,0.004366239036128267,62.9
T10,2025-09-24T11:05:32.437143,S2,0.00479040394169206,0.0042133072999941115,68.5
T10,2025-09-24T11:06:11.437143,S2,0.006889182593093722,0.005478722925087812,62.0
T10,2025-09-24T11:07:37.437143,S2,0.005977647769296839,0.00601210907108987,61.1
T10,2025-09-24T11:08:29.437143,S7,0.001743743795351983,0.0017584213219391466,61.8
T10,2025-09-24T11:09:34.437143,S6,0.003125247220328323,0.006041474958484436,66.5
T10,2025-09-24T11:10:26.437143,S6,0.007823708648904155,0.006073383883534974,67.9
T10,2025-09-24T11:11:08.437143,S5,0.0063947977256762325,0.008996345587676884,52.1
T10,2025-09-24T11:12:25.437143,S5,0.003912804603080074,0.006806267303527544,52.5
T10,2025-09-24T11:13:28.437143,S5,0.008683775238488402,0.00024162125897082444,69.9
T10,2025-09-24T11:14:38.437143,S5,0.006985689836902288,0.003500423422709137,61.9
T10,2025-09-24T11:15:39.437143,S5,0.0082007680479062,0.007138173881476358,62.3
T10,2025-09-24T11:16:07.437143,S5,0.0007344921612272337,0.0072886259651504534,70.0
T10,2025-09-24T11:17:04.437143,S5,0.0035923613079708963,0.003628995801748163,65.6
T10,2025-09-24T11:18:39.437143,S5,0.001174489617197102,0.009209261538996037,68.4
T10,2025-09-24T11:19:14.437143,S7,0.0017592570441042844,0.007363826785576565,60.2
T10,2025-09-24T11:20:28.437143,S7,0.0004071801764264449,0.0024199274741852693,59.7
T10,2025-09-24T11:21:16.437143,S7,0.002604823048238707,0.005349338090932824,64.9
T10,2025-09-24T11:22:37.437143,S7,0.006760688745489232,0.005220591406370628,69.0
T10,2025-09-24T11:23:31.437143,S7,0.003880907583986484,0.003475311414317369,68.1
T10,2025-09-24T11:24:23.437143,S7,0.006199464736958379,0.004808212095029202,69.2
T10,2025-09-24T11:25:26.437143,S7,0.00619148716778042,0.00814482562616169,75.7
T10,2025-09-24T11:26:19.437143,S7,0.005841113080701609,0.00811479961843493,51.9
T10,2025-09-24T11:27:40.437143,S7,0.00012139789661005817,0.00677194638032587,68.6
T10,2025-09-24T11:28:35.437143,S7,0.009314603464337086,0.001156282300355832,59.9
T10,2025-09-24T11:29:44.437143,S7,0.007793574517764742,0.007977347253443162,58.0
T11,2025-09-24T11:09:13.437143,S6,0.008116635982224795,0.0065045014657001445,43.5
T11,2025-09-24T11:10:07.437143,S6,0.003255735728086254,0.006442766486003542,37.3
T11,2025-09-24T11:11:32.437143,S3,0.005006910071610609,0.003237504559058886,58.7
T11,2025-09-24T11:12:07.437143,S3,0.0039126066972973465,0.009606286982917229,47.4
T11,2025-09-24T11:13:15.437143,S3,0.002707528937187974,0.004188902185850009,51.5
T11,2025-09-24T11:14:18.437143,S3,0.0007577883951762088,0.008979493417534418,36.7
T11,2025-09-24T11:15:20.437143,S3,0.0016823011666206168,0.0034266589074840306,49.1
T11,2025-09-24T11:16:21.437143,S3,0.008671709390839267,0.0038350046467518994,42.7
T11,2025-09-24T11:17:20.437143,S3,0.009114165311704123,0.009483273988670582,46.6
T11,2025-09-24T11:18:05.437143,S4,0.007581497198373415,0.002030225654135709,46.4
T11,2025-09-24T11:19:43.437143,S4,0.008551737912489797,0.0034259185879267386,57.3
T11,2025-09-24T11:20:28.437143,S4,0.007430456987313587,0.007797710924455208,50.9
T11,2025-09-24T11:21:27.437143,S4,0.00058396290608547,0.001536015603470301,47.3
T11,2025-09-24T11:22:38.437143,S1,0.0007138499282360622,0.005039314260714313,42.4
T11,2025-09-24T11:23:04.437143,S1,0.0026132444599810812,0.006413666646058601,47.8
T11,2025-09-24T11:24:10.437143,S1,0.0032828185256652044,0.0019978156177353247,53.6
T11,2025-09-24T11:25:32.437143,S2,0.009177549644211875,0.0032669083815583754,48.3
T11,2025-09-24T11:26:39.437143,S2,0.005359543417170792,0.007386914006659076,43.0
T11,2025-09-24T11:27:23.437143,S2,0.0044419512298927025,0.005697746908294022,46.6
T11,2025-09-24T11:28:34.437143,S2,0.005956525105259236,0.0007174997720922783,44.3
T11,2025-09-24T11:29:08.437143,S2,0.0036685976644368445,0.007256424655465886,44.3
T11,2025-09-24T11:30:22.437143,S2,0.0031114647343267977,0.004562312073623339,52.2
T11,2025-09-24T11:31:39.437143,S7,0.005286512979536694,0.007402538268634241,50.6
T11,2025-09-24T11:32:05.437143,S7,0.006401750790265615,0.004899178143525308,41.1
T11,2025-09-24T11:33:28.437143,S7,0.002648248171986316,0.005893420210518086,50.1
T11,2025-09-24T11:34:17.437143,S7,0.007551168058285085,0.0019507014982237103,48.9
T11,2025-09-24T11:35:11.437143,S7,0.004307116620804591,0.006865611687492257,57.8
T11,2025-09-24T11:36:04.437143,S7,0.008538063602471684,0.005130707287594255,53.8
T11,2025-09-24T11:37:27.437143,S7,0.009074599656367898,0.0011728648477544634,45.6
T11,2025-09-24T11:38:18.437143,S7,0.0003575045487496631,0.0023847345026200197,62.6
T11,2025-09-24T11:39:27.437143,S7,0.003785022397569129,0.008689262073061216,41.0
T11,2025-09-24T11:40:30.437143,S7,0.000366268709120422,0.0014787444903829783,51.8
T11,2025-09-24T11:41:24.437143,S4,0.0040246626464633724,0.0013354991648023419,48.3
T11,2025-09-24T11:42:32.437143,S4,0.004236678644858342,0.007554805338559685,52.8
T11,2025-09-24T11:43:32.437143,S4,0.002227399172116019,0.002463287155503898,42.9
T11,2025-09-24T11:44:24.437143,S6,0.008549376292723766,0.0022158985733729533,44.5
T12,2025-09-24T11:20:20.437143,S6,0.006380582471202367,0.009406979316397291,62.9
T12,2025-09-24T11:21:44.437143,S6,0.00887128678056118,0.0034492293307345667,62.0
T12,2025-09-24T11:22:34.437143,S6,0.005346383921531206,0.009068991144426893,73.1
T12,2025-09-24T11:23:22.437143,S6,0.0047431318608087535,0.00397912646522069,55.4
T12,2025-09-24T11:24:07.437143,S4,0.004647801140983665,0.007813169728460743,66.5
T12,2025-09-24T11:25:32.437143,S4,0.0049698420997115935,0.004718224374799034,63.6
T12,2025-09-24T11:26:34.437143,S8,0.004507346139252116,0.007587931561633311,67.6
T12,2025-09-24T11:27:22.437143,S7,0.0019091603345503584,0.001511541396699061,78.1
T12,2025-09-24T11:28:08.437143,S7,5.947715025047984e-05,0.006962252067071099,74.0
T12,2025-09-24T11:29:16.437143,S7,0.008525616638212219,0.006958478366044126,61.7
T12,2025-09-24T11:30:21.437143,S7,0.003368507312165131,0.007313548187786912,69.5
T12,2025-09-24T11:31:17.437143,S7,0.0028222670107241367,0.0055251858261719375,57.0
T12,2025-09-24T11:32:15.437143,S7,0.003727788577859793,0.00022843526275833525,67.9
T12,2025-09-24T11:33:23.437143,S7,0.004270216105307886,0.00894912877909309,65.6
T12,2025-09-24T11:34:31.437143,S7,0.005822591341742507,0.0056042929572200865,64.7
T12,2025-09-24T11:35:22.437143,S7,0.007618645944895586,0.006572510730252628,59.1
T12,2025-09-24T11:36:13.437143,S7,0.001921148695240783,0.006303564117544985,62.2
T12,2025-09-24T11:37:40.437143,S7,0.0068301590376684575,0.00034890149101034717,65.8
T12,2025-09-24T11:38:11.437143,S7,0.004619781674675023,0.00782014212482204,66.9
T12,2025-09-24T11:39:31.437143,S7,0.004012738061557025,0.002261643928161904,62.2
T12,2025-09-24T11:40:24.437143,S7,0.0075420300714709645,0.009522232251770957,63.6
T12,2025-09-24T11:41:27.437143,S7,0.007605844454050286,5.210004184555639e-05,59.9
T12,2025-09-24T11:42:04.437143,S7,0.005676763380877665,0.0009107093930967258,63.7
T12,2025-09-24T11:43:23.437143,S6,0.009411334992495121,0.002537624421502024,66.4
T12,2025-09-24T11:44:36.437143,S6,0.006195692403347737,0.0075763053927879786,67.3
T12,2025-09-24T11:45:36.437143,S6,0.004146616517258735,0.008124050460039799,62.6
T12,2025-09-24T11:46:16.437143,S6,0.005033748339620942,0.0014842857675719191,66.0
T13,2025-09-24T10:47:16.437143,S5,0.003953545816478119,0.00880573802567978,85.3
T13,2025-09-24T10:48:25.437143,S5,0.00799525933882605,0.00010205192304685973,93.8
T13,2025-09-24T10:49:19.437143,S5,0.003366066579783611,0.004928528120863818,71.7
T13,2025-09-24T10:50:08.437143,S7,0.007145031298298938,6.087345229791041e-05,87.2
T13,2025-09-24T10:51:31.437143,S4,0.0002645424003474617,0.001300304884134318,75.7
T13,2025-09-24T10:52:33.437143,S4,0.005463438005356784,0.004568312432015501,72.7
T13,2025-09-24T10:53:32.437143,S4,0.00800226389884073,0.004503798372323849,77.9
T13,2025-09-24T10:54:16.437143,S4,0.008362366109897027,0.005781380996586513,79.5
T13,2025-09-24T10:55:18.437143,S4,0.005623107892754006,0.0073355260201952,82.1
T13,2025-09-24T10:56:27.437143,S5,0.008260990962687254,0.008498141365850028,94.5
T13,2025-09-24T10:57:08.437143,S5,0.005492263249280815,0.003564923804698188,88.6
T13,2025-09-24T10:58:30.437143,S5,0.007625126213400357,0.007951191121855813,76.5
T13,2025-09-24T10:59:34.437143,S5,0.00042640544104944,0.0008114741444799379,83.4
T13,2025-09-24T11:00:12.437143,S5,0.004975565301322545,0.003459441502288192,73.3
T13,2025-09-24T11:01:37.437143,S5,0.00857475297977354,0.0012802549237110705,79.7
T13,2025-09-24T11:02:09.437143,S8,7.093478650347817e-05,0.002955584550000966,72.7
T13,2025-09-24T11:03:29.437143,S4,0.0035696698656814477,0.002443061235164551,82.1
T13,2025-09-24T11:04:43.437143,S4,0.0025012043354574443,0.009163618298502091,80.4
T13,2025-09-24T11:05:43.437143,S4,0.0032032763010208967,0.006965630737206495,79.6
T13,2025-09-24T11:06:06.437143,S4,0.00505747490602458,0.0021712479281523122,85.0
T13,2025-09-24T11:07:32.437143,S4,0.005652096366013728,0.007522096374155697,78.5
T13,2025-09-24T11:08:35.437143,S4,0.0035687600581071166,0.008523535531885663,82.7
T13,2025-09-24T11:09:15.437143,S4,0.004020213020391502,0.001466086384170704,78.3
T13,2025-09-24T11:10:15.437143,S2,0.0038868908459168882,0.007182035059306281,72.2
T13,2025-09-24T11:11:31.437143,S2,0.0040459820889760245,6.545160534085715e-05,87.1
T13,2025-09-24T11:12:04.437143,S2,0.003722293508770813,0.008936769262376834,84.5
T13,2025-09-24T11:13:06.437143,S4,0.0018571307542707572,0.007430351080569299,82.1
T13,2025-09-24T11:14:34.437143,S4,0.009143187912034906,0.0035399505472867776,76.4
T14,2025-09-24T11:10:42.437143,S4,0.00037066123515155035,0.005782624618194454,60.5
T14,2025-09-24T11:11:07.437143,S4,0.0013005780340447526,3.626614180675447e-05,60.0
T14,2025-09-24T11:12:27.437143,S4,0.004852511463558433,0.004458524245449292,69.4
T14,2025-09-24T11:13:18.437143,S4,0.0029989351487075934,0.008661218407862999,64.5
T14,2025-09-24T11:14:42.437143,S4,0.0005163567937303993,0.009115079563101007,56.2
T14,2025-09-24T11:15:43.437143,S4,0.009625256444638379,0.0032149574016964557,66.6
T14,2025-09-24T11:16:32.437143,S4,0.005065055855437256,0.0022802388542519135,60.9
T14,2025-09-24T11:17:25.437143,S4,0.00673465933787399,0.008234439216631686,59.5
T14,2025-09-24T11:18:25.437143,S4,0.004592800334611489,0.008019225206437913,69.7
T14,2025-09-24T11:19:44.437143,S4,0.007523348576199981,0.0036392737218478746,73.2
T14,2025-09-24T11:20:06.437143,S4,0.0032633298169588644,0.009423663354511783,59.3
T14,2025-09-24T11:21:27.437143,S4,0.002960971868325545,0.008554243699498771,65.9
T14,2025-09-24T11:22:10.437143,S4,0.006656713514623209,0.002960295091631371,61.9
T14,2025-09-24T11:23:04.437143,S4,0.006961053817824796,0.006029913185491038,61.3
T14,2025-09-24T11:24:37.437143,S2,0.006952454985607099,0.002670435624006761,66.6
T14,2025-09-24T11:25:04.437143,S2,0.002390293895007962,0.0011529589668870933,65.4
T14,2025-09-24T11:26:09.437143,S2,0.0012949794720023477,0.004958950585269737,52.0
T14,2025-09-24T11:27:10.437143,S2,0.008354288387319851,0.00029117013514001977,55.9
T14,2025-09-24T11:28:27.437143,S2,0.00014663692316525535,0.008373934645937336,54.1
T14,2025-09-24T11:29:23.437143,S2,0.0011707051718655192,0.001703763226009365,62.3
T15,2025-09-24T11:12:34.437143,S1,0.00990141560379537,0.00011516258373909239,66.7
T15,2025-09-24T11:13:36.437143,S1,0.008240041910249742,0.007805541321533922,64.5
T15,2025-09-24T11:14:04.437143,S1,0.00344291887106431,0.00962251029894047,52.2
T15,2025-09-24T11:15:21.437143,S1,0.006991598071393554,0.004271423832253873,58.2
T15,2025-09-24T11:16:38.437143,S1,0.000903703690409734,0.001721980441475144,61.4
T15,2025-09-24T11:17:27.437143,S1,0.0011553587158318003,0.0003274911282310278,53.9
T15,2025-09-24T11:18:34.437143,S1,0.0003725667490353835,0.007559477799825726,66.7
T15,2025-09-24T11:19:18.437143,S1,0.008566461774696131,0.0031293550193663565,63.4
T15,2025-09-24T11:20:15.437143,S1,0.0036843860044411428,0.005624407412156934,63.2
T15,2025-09-24T11:21:12.437143,S6,0.0026513738122433063,0.001875976412346968,59.9
T15,2025-09-24T11:22:07.437143,S6,0.007352255462865026,0.009369422179602798,76.1
T15,2025-09-24T11:23:04.437143,S6,0.0032546434400800715,0.00856909834922547,59.2
T15,2025-09-24T11:24:18.437143,S4,0.0029575651543025995,0.009432677583320318,63.1
T16,2025-09-24T11:26:08.437143,S4,0.0041797685399865185,0.0037588879194236347,58.9
T16,2025-09-24T11:27:31.437143,S4,0.009557874039865494,0.0028405381683575303,68.6
T16,2025-09-24T11:28:32.437143,S4,0.008382003102249552,0.005132002913961058,60.3
T16,2025-09-24T11:29:33.437143,S4,0.009790382698302938,0.009504797310541173,56.6
T16,2025-09-24T11:30:15.437143,S4,0.004229301317797585,0.0013590733460958904,62.5
T16,2025-09-24T11:31:26.437143,S4,0.005706001079563982,0.0013445418585271585,57.3
T16,2025-09-24T11:32:08.437143,S4,0.0014776672920113853,0.008327321886923032,68.4
T16,2025-09-24T11:33:40.437143,S4,0.004729669087148879,0.009385447756562507,72.8
T16,2025-09-24T11:34:38.437143,S4,0.007191702138523148,0.0042142140593272835,65.2
T16,2025-09-24T11:35:36.437143,S4,0.0013970030932604193,0.0012247418448370607,63.2
T16,2025-09-24T11:36:35.437143,S4,0.0031441778687989574,0.0016920003135323747,60.9
T16,2025-09-24T11:37:16.437143,S4,0.0044992902692254765,0.0036646397835874665,66.8
T16,2025-09-24T11:38:16.437143,S4,0.0016728411625137375,0.0036732705826995416,65.2
T16,2025-09-24T11:39:13.437143,S4,0.0062602681665106935,0.007376267431406272,68.8
T16,2025-09-24T11:40:13.437143,S4,0.009681513192840517,0.004901870853703776,74.0
T16,2025-09-24T11:41:37.437143,S4,8.38593817118205e-05,0.002569311143206745,67.5
T16,2025-09-24T11:42:29.437143,S4,0.009468393515366113,0.006179315826938862,52.8
T16,2025-09-24T11:43:26.437143,S4,0.006254040845774739,0.007340406406005226,73.3
T16,2025-09-24T11:44:31.437143,S4,0.00026346584294416943,0.00805423839178141,67.2
T16,2025-09-24T11:45:42.437143,S4,0.008134870455413699,0.004649676658192512,62.9
T16,2025-09-24T11:46:18.437143,S4,0.008802681799927992,0.003917255386881007,56.0
T16,2025-09-24T11:47:35.437143,S1,0.001820905700896509,0.0042435517177255725,64.5
T16,2025-09-24T11:48:24.437143,S1,0.003466018231047623,0.004903767694998529,58.2
T16,2025-09-24T11:49:14.437143,S1,0.0040739397103429125,0.008186598077458264,67.1
T16,2025-09-24T11:50:38.437143,S1,0.007755688993017154,0.00812481845372904,66.2
T16,2025-09-24T11:51:14.437143,S3,0.007822384691217743,0.008305835472429288,48.3
T16,2025-09-24T11:52:33.437143,S3,0.005940928467889462,0.002729303121727358,69.8
T16,2025-09-24T11:53:29.437143,S3,0.002951507616924719,0.0006955723333344844,63.0
T16,2025-09-24T11:54:22.437143,S3,0.009827717147129652,0.0009994808343746896,63.4
T16,2025-09-24T11:55:17.437143,S3,0.0005778445348330641,0.005518883149391567,73.2
T16,2025-09-24T11:56:08.437143,S3,0.0017709738691226184,0.0005295560469537752,66.6
T16,2025-09-24T11:57:18.437143,S3,0.001245845406222561,0.007594613466744271,65.2
T16,2025-09-24T11:58:41.437143,S3,0.002376557622609783,0.009158470945450511,63.7
T16,2025-09-24T11:59:35.437143,S3,0.008826433423652386,0.0070636513383134075,60.3
T16,2025-09-24T12:00:30.437143,S3,0.008211767107558795,0.0011091605224129919,61.3
T16,2025-09-24T12:01:41.437143,S3,0.0067140728860097575,0.0015495829019460316,60.2
T16,2025-09-24T12:02:34.437143,S3,0.0046118968495906,0.00523988688598415,64.0
T16,2025-09-24T12:03:08.437143,S3,0.008905476899752301,0.007513622262881007,70.5
T17,2025-09-24T10:51:44.437143,S2,0.007428504693259556,0.0007299595511892654,68.1
T17,2025-09-24T10:52:22.437143,S5,0.007709094885769666,0.006008754456903255,67.7
T17,2025-09-24T10:53:07.437143,S5,0.001092392923394685,0.004393800922495733,65.9
T17,2025-09-24T10:54:05.437143,S5,0.009354290918234469,0.002904108202856849,66.6
T17,2025-09-24T10:55:40.437143,S5,0.0015088978485606076,0.008649753221250037,64.3
T17,2025-09-24T10:56:25.437143,S5,0.00015999909481786422,0.004343385060342421,72.8
T17,2025-09-24T10:57:14.437143,S5,0.003275389367189013,0.0009676663267786168,70.8
T17,2025-09-24T10:58:20.437143,S5,0.003493088577485983,0.004902533650332346,67.5
T17,2025-09-24T10:59:42.437143,S5,0.0005018607109727858,0.0014349360511645703,63.1
T17,2025-09-24T11:00:25.437143,S5,0.004986073670655031,0.0099477943227792,65.1
T17,2025-09-24T11:01:43.437143,S5,0.008460822574198723,0.004083302399719149,69.7
T17,2025-09-24T11:02:04.437143,S5,0.00840320379172752,0.005000848187003383,51.5
T17,2025-09-24T11:03:25.437143,S5,0.004318537737702429,0.003798727850092175,66.4
T17,2025-09-24T11:04:23.437143,S5,0.009188382182929705,0.008523756729707335,56.6
T17,2025-09-24T11:05:30.437143,S5,0.008184584337045562,0.004495162832595339,59.2
T17,2025-09-24T11:06:30.437143,S5,9.257018053318355e-05,0.005957345781750699,65.8
T17,2025-09-24T11:07:08.437143,S5,0.006250289180423314,0.007940444103580796,61.5
T17,2025-09-24T11:08:32.437143,S5,0.001973543128258276,0.008162461897933439,71.3
T17,2025-09-24T11:09:08.437143,S5,0.007248516876203119,0.006229521532782707,66.5
T17,2025-09-24T11:10:11.437143,S5,0.001564809812753557,0.004510646173464765,76.1
T17,2025-09-24T11:11:38.437143,S5,0.002517731973771683,0.0008058137922445164,69.0
T17,2025-09-24T11:12:07.437143,S8,0.00933547601742441,0.003858547596232851,61.4
T17,2025-09-24T11:13:30.437143,S8,0.0006536283698962009,0.005744473078778304,65.8
T17,2025-09-24T11:14:07.437143,S8,0.004480549570835156,0.0099977871987683,54.7
T17,2025-09-24T11:15:12.437143,S8,0.008840675670456608,0.0033221109574701957,68.2
T17,2025-09-24T11:16:25.437143,S8,0.0006419934377833104,0.0017280706916043464,70.1
T17,2025-09-24T11:17:28.437143,S8,0.005112231782253095,0.007048702807097676,63.0
T17,2025-09-24T11:18:10.437143,S8,0.004699019157315762,0.0020515278830585595,62.8
T17,2025-09-24T11:19:23.437143,S8,0.009638000923805809,0.0011061228188886396,64.1
T17,2025-09-24T11:20:10.437143,S8,0.006535642500526287,0.007381551621632635,59.1
T17,2025-09-24T11:21:05.437143,S8,0.008646450365233448,0.008137672432851456,71.0
T17,2025-09-24T11:22:09.437143,S8,0.008947014628116985,0.0008006992963456017,62.4
T18,2025-09-24T11:17:16.437143,S7,0.008429780742745413,0.005986436970240042,46.2
T18,2025-09-24T11:18:34.437143,S7,0.003841429487629904,0.0048566684606711355,45.8
T18,2025-09-24T11:19:39.437143,S7,0.002466839623574765,0.0026908313250813966,54.0
T18,2025-09-24T11:20:20.437143,S7,0.008964416143021344,0.009849463823274675,44.7
T18,2025-09-24T11:21:18.437143,S7,0.008861866113600654,0.008605734907013036,49.8
T18,2025-09-24T11:22:20.437143,S7,0.0053219465171992905,0.0012474343051332704,37.1
T18,2025-09-24T11:23:24.437143,S7,0.009405437480702192,0.009879890635885671,55.0
T18,2025-09-24T11:24:12.437143,S7,0.0010702151721036345,0.0017100766335647589,50.4
T18,2025-09-24T11:25:23.437143,S7,0.005083399824978447,0.0007031481734827716,49.9
T18,2025-09-24T11:26:39.437143,S3,0.0008655200262811058,0.006508686733906394,32.3
T18,2025-09-24T11:27:36.437143,S3,0.005168059268356483,0.00692864799501269,52.0
T18,2025-09-24T11:28:23.437143,S3,0.00967526986695638,0.0029635590301415695,40.8
T18,2025-09-24T11:29:30.437143,S3,0.005488331624739008,0.003201300367463851,40.5
T18,2025-09-24T11:30:31.437143,S7,0.005678998770589202,0.00021550822517768297,53.7
T19,2025-09-24T11:14:38.437143,S3,0.006797472757019279,0.0038824297777173213,75.1
T19,2025-09-24T11:15:26.437143,S3,0.00029557174970704537,0.004080812946248251,71.1
T19,2025-09-24T11:16:24.437143,S3,0.009955660347530265,0.00930288618728016,66.2
T19,2025-09-24T11:17:13.437143,S3,0.0016306958995662747,0.009132664820708932,69.9
T19,2025-09-24T11:18:38.437143,S3,0.00977084016468542,0.0035574144421293063,60.7
T19,2025-09-24T11:19:44.437143,S3,0.0036580638955062005,0.0032549774008996234,71.8
T19,2025-09-24T11:20:44.437143,S3,0.0057762980992182725,0.0026959056939501393,75.1
T19,2025-09-24T11:21:40.437143,S3,0.008740749667459868,0.0012165710618632674,57.8
T19,2025-09-24T11:22:29.437143,S3,0.009367758559937498,0.002928837739477841,67.1
T19,2025-09-24T11:23:33.437143,S3,0.005060975326324925,0.008103563196092827,68.2
T19,2025-09-24T11:24:41.437143,S4,0.009420424130846523,0.0013890746796178088,69.2
T19,2025-09-24T11:25:40.437143,S4,0.002707179576695389,0.003168444854593816,67.3
T19,2025-09-24T11:26:41.437143,S4,0.008696838291833627,0.008093316556490135,54.3
T19,2025-09-24T11:27:10.437143,S4,0.006566409641442596,1.7353237823731772e-05,61.9
T19,2025-09-24T11:28:13.437143,S2,0.0013856960609050317,0.004886552277386308,67.4
T19,2025-09-24T11:29:39.437143,S2,0.00415513360934375,0.0005620847588168954,64.2
T19,2025-09-24T11:30:07.437143,S2,0.004405950572838228,0.009452337008906716,70.4
T19,2025-09-24T11:31:04.437143,S2,0.00998691168638098,0.004749524989248134,61.6
T19,2025-09-24T11:32:20.437143,S2,0.0018708329573667926,0.00381955037972473,68.4
T19,2025-09-24T11:33:17.437143,S2,0.001639040966951061,0.00020181300219566323,69.4
T19,2025-09-24T11:34:07.437143,S2,0.006824768392010983,0.0013956841324789017,58.2
T19,2025-09-24T11:35:11.437143,S2,0.007784262024309131,0.006442659996981654,62.7
T19,2025-09-24T11:36:33.437143,S2,0.0036580841009617405,0.002800975028670949,55.9
T19,2025-09-24T11:37:24.437143,S2,2.9308618543549826e-05,0.006305459976516012,56.6
T19,2025-09-24T11:38:23.437143,S1,0.0009406089051867495,0.003167449459935096,74.3
T19,2025-09-24T11:39:14.437143,S1,0.0038744071673890703,0.0009811779191829862,68.6
T19,2025-09-24T11:40:34.437143,S1,0.00264806022591226,0.006196685815447854,62.1
T19,2025-09-24T11:41:30.437143,S1,0.006877341855153027,0.0027259943610804995,57.5
T19,2025-09-24T11:42:14.437143,S1,0.004636024962887128,0.0022495306684574934,70.7
T19,2025-09-24T11:43:13.437143,S1,0.0022096960898222574,0.0021910798722444337,63.2
T19,2025-09-24T11:44:37.437143,S1,0.004182731098470163,0.007739960417873048,67.4
T19,2025-09-24T11:45:29.437143,S1,0.0043704173991854405,0.006937606330898522,63.1
T19,2025-09-24T11:46:31.437143,S1,0.007558868906794659,0.0027263302348038464,68.8
T19,2025-09-24T11:47:04.437143,S5,0.007282639304930854,0.007698616607113746,73.5
T19,2025-09-24T11:48:15.437143,S5,0.0007562922660777394,0.005268771139354171,64.7
T19,2025-09-24T11:49:04.437143,S5,0.0029405338882488707,0.00017692541899213987,62.0
T20,2025-09-24T10:59:33.437143,S3,0.008072369884594918,0.004442829986343425,62.1
T20,2025-09-24T11:00:25.437143,S3,0.00975904416793212,0.00015714303540960374,69.0
T20,2025-09-24T11:01:18.437143,S1,0.00045068427201912844,0.003703298461390954,65.6
T20,2025-09-24T11:02:25.437143,S3,0.0009964065441925396,0.004766202730863318,59.2
T20,2025-09-24T11:03:15.437143,S3,0.009070086228525238,0.009575286962585822,62.7
T20,2025-09-24T11:04:39.437143,S3,0.007917181966185334,0.004340831682336142,66.4
T20,2025-09-24T11:05:22.437143,S3,0.007359213758588295,0.003066589329896755,69.4
T20,2025-09-24T11:06:28.437143,S3,0.0014094228478781989,0.00560733746779691,59.0
T20,2025-09-24T11:07:29.437143,S3,0.0008974642254387955,0.008052660421142764,59.5
T20,2025-09-24T11:08:28.437143,S2,0.00016513216592744517,0.0022767830396458245,54.9
T20,2025-09-24T11:09:28.437143,S2,0.006040200248381413,0.0023026262931244022,62.9
T20,2025-09-24T11:10:19.437143,S2,0.0005141061153931537,0.005271062829410883,64.7
T20,2025-09-24T11:11:34.437143,S2,0.0042701741448372,0.0045517426507941374,62.9
T20,2025-09-24T11:12:21.437143,S2,0.0027219252626812197,0.004494941534419122,68.0
T20,2025-09-24T11:13:43.437143,S2,0.0007322513619176796,0.0065272004766095265,69.3
T20,2025-09-24T11:14:28.437143,S2,0.008901457081297267,0.0041184958045037915,72.4
T20,2025-09-24T11:15:18.437143,S2,0.0034559375220774412,0.00722223016740691,68.9
T20,2025-09-24T11:16:13.437143,S6,0.006200680710570181,0.002756828276212985,72.6
T20,2025-09-24T11:17:09.437143,S6,0.00969890296694746,0.008407867788552707,66.1
T20,2025-09-24T11:18:17.437143,S6,0.000982408865956954,0.003992299447122287,65.7
T20,2025-09-24T11:19:32.437143,S6,0.006783297006076914,0.007655572347206215,62.6
T20,2025-09-24T11:20:21.437143,S7,0.003942814611583263,0.00989919894291894,59.9
T20,2025-09-24T11:21:16.437143,S1,0.006043193577731721,0.005083778188392404,64.3
T20,2025-09-24T11:22:41.437143,S1,0.003925019691407323,0.0029715910876293916,66.3
T20,2025-09-24T11:23:36.437143,S1,0.004585495950118427,0.005325628998394712,66.6
T20,2025-09-24T11:24:07.437143,S5,0.005137636060045916,0.008654605946573378,66.4
T20,2025-09-24T11:25:23.437143,S7,0.0030319997914682816,0.004122724442136644,58.0
T20,2025-09-24T11:26:40.437143,S7,0.003589574453068346,0.00785477545473761,61.7
T20,2025-09-24T11:27:08.437143,S7,0.0027320695378907967,0.0027782346648267398,58.5
T20,2025-09-24T11:28:12.437143,S7,0.007269698356137344,0.004219599000402455,62.1
T20,2025-09-24T11:29:11.437143,S7,0.006479856614993759,0.0005703153320251198,59.7
T20,2025-09-24T11:30:24.437143,S7,0.004012821982073066,0.005293256091434654,60.3
T21,2025-09-24T11:11:04.437143,S7,0.008554739091608497,0.00041499740735522985,76.5
T21,2025-09-24T11:12:06.437143,S2,0.005859228293123218,0.008612786464926862,85.2
T21,2025-09-24T11:13:27.437143,S2,0.002366240976922921,0.0036879691535554406,85.8
T21,2025-09-24T11:14:23.437143,S2,0.00042194798360948416,0.004137407153637846,73.9
T21,2025-09-24T11:15:12.437143,S2,0.004988288521456971,0.0004953156426678129,85.8
T21,2025-09-24T11:16:08.437143,S3,0.004619577286211026,0.002020014472646793,84.4
T21,2025-09-24T11:17:26.437143,S8,0.0011799419969989867,0.003621095000850999,74.6
T21,2025-09-24T11:18:32.437143,S8,0.008804296075354252,0.0027747432374879556,85.3
T21,2025-09-24T11:19:40.437143,S8,0.0008448899183399294,0.007769306636209942,65.6
T21,2025-09-24T11:20:08.437143,S7,0.008997904231691547,0.005998181985244596,87.7
T21,2025-09-24T11:21:04.437143,S7,0.001528991839903988,0.005982109538177147,67.8
T21,2025-09-24T11:22:34.437143,S3,0.002882535712268074,0.00967369665986185,84.5
T21,2025-09-24T11:23:17.437143,S3,0.0030775883940301063,0.008461770906752647,79.8
T21,2025-09-24T11:24:37.437143,S3,0.007716575976624176,0.0026097337831487953,73.3
T21,2025-09-24T11:25:39.437143,S3,0.007367408293296663,0.007327294967095777,82.2
T21,2025-09-24T11:26:14.437143,S3,0.002140315890519362,0.003510292551561534,82.1
T21,2025-09-24T11:27:15.437143,S3,0.006299703062304491,0.008397448358528996,71.2
T21,2025-09-24T11:28:29.437143,S3,0.004086536392472079,0.005691894322707016,90.4
T21,2025-09-24T11:29:11.437143,S3,0.009610641119843387,0.00746230295988648,84.7
T21,2025-09-24T11:30:05.437143,S3,0.00690105232939541,0.005915585885196041,86.5
T21,2025-09-24T11:31:07.437143,S3,0.009083740062261994,0.0006519449877475692,77.9
T21,2025-09-24T11:32:24.437143,S3,0.007478471273315738,0.00927394108123026,82.4
T21,2025-09-24T11:33:11.437143,S3,0.009563358772397038,0.007183143840513102,74.4
T21,2025-09-24T11:34:29.437143,S3,0.007885939853448714,0.004011455837235398,90.9
T21,2025-09-24T11:35:22.437143,S3,0.0053590241465016845,0.004797594718192601,84.0
T22,2025-09-24T11:23:23.437143,S4,0.0011253186602750388,0.005866996560279779,67.5
T22,2025-09-24T11:24:36.437143,S4,0.006164355043059129,0.007957191717273633,67.2
T22,2025-09-24T11:25:37.437143,S4,0.008414907262860259,0.007500231429958699,69.3
T22,2025-09-24T11:26:17.437143,S4,0.005929676562263585,0.008191735726329587,71.1
T22,2025-09-24T11:27:35.437143,S4,0.000843372469227498,0.0028017255322379396,68.7
T22,2025-09-24T11:28:44.437143,S4,0.00859645733165748,0.007218408819385889,68.0
T22,2025-09-24T11:29:08.437143,S4,0.008577871052656843,0.0059345290742302175,57.1
T22,2025-09-24T11:30:20.437143,S4,0.004218384951144091,0.0028044747842387863,57.1
T22,2025-09-24T11:31:05.437143,S4,0.0037436878688426023,0.009371803848708046,70.6
T22,2025-09-24T11:32:43.437143,S4,0.001344043522468038,0.004390614091227136,66.0
T22,2025-09-24T11:33:07.437143,S4,0.003314839543296606,0.007894127349928807,65.4
T22,2025-09-24T11:34:15.437143,S4,0.009370752372277961,0.004464337036212569,65.2
T22,2025-09-24T11:35:11.437143,S2,0.0069979345151825805,0.007401825207695204,70.9
T22,2025-09-24T11:36:22.437143,S2,0.007346714007878813,0.00016077272740955829,61.0
T22,2025-09-24T11:37:09.437143,S2,0.0013000024901243668,0.0026986746090184453,56.8
T22,2025-09-24T11:38:29.437143,S4,0.008518365853806206,0.008500728693931784,51.4
T22,2025-09-24T11:39:32.437143,S4,0.00808867905393426,0.005201233553122109,58.2
T22,2025-09-24T11:40:28.437143,S4,0.004333904675826762,0.008984856148170796,53.4
T22,2025-09-24T11:41:29.437143,S5,0.00995218350273703,0.005658351611509615,66.2
T22,2025-09-24T11:42:05.437143,S5,0.006210724365221821,0.008025203781273239,58.1
T22,2025-09-24T11:43:26.437143,S5,0.000983144587673428,0.0015280782986646791,60.6
T22,2025-09-24T11:44:38.437143,S5,0.0017456560475290928,0.008364735511883666,56.7
T22,2025-09-24T11:45:30.437143,S5,0.00042256136945214017,0.0043355522444508,59.5
T22,2025-09-24T11:46:16.437143,S5,0.005669785103287476,0.002508039429365666,61.2
T22,2025-09-24T11:47:04.437143,S5,0.009990952742176172,0.0019371555254838137,54.8
T22,2025-09-24T11:48:07.437143,S5,0.000670063272832746,0.006858392327514708,67.3
T22,2025-09-24T11:49:23.437143,S5,0.002033309949280502,0.001724001242531572,48.8
T22,2025-09-24T11:50:35.437143,S5,0.004921214641461959,0.0020244373727621844,54.9
T23,2025-09-24T11:09:04.437143,S6,0.005278870980206946,0.009953245457033487,39.2
T23,2025-09-24T11:10:33.437143,S8,0.0012508509856702676,0.006832912260508625,57.6
T23,2025-09-24T11:11:39.437143,S2,0.0044937696814353915,0.0070339182691350035,45.3
T23,2025-09-24T11:12:32.437143,S2,0.007780500857078,0.0032373382552773966,58.5
T23,2025-09-24T11:13:34.437143,S2,0.0007560744094232219,0.009068062179940778,52.9
T23,2025-09-24T11:14:07.437143,S2,0.0012522637443496299,0.006668337687527582,51.9
T23,2025-09-24T11:15:22.437143,S2,0.0019717131208283013,0.0024456880485745304,40.7
T23,2025-09-24T11:16:37.437143,S2,0.007068314815181759,0.0013454160197553721,50.9
T23,2025-09-24T11:17:08.437143,S2,0.004277936361494335,0.0016766635080787517,50.0
T23,2025-09-24T11:18:08.437143,S2,0.00673379829890351,0.004648235553513801,45.1
T23,2025-09-24T11:19:43.437143,S2,0.00768081554267674,0.007340879243202584,44.0
T24,2025-09-24T11:03:44.437143,S2,0.002839808730308335,0.009120983720892324,61.0
T24,2025-09-24T11:04:12.437143,S4,0.0016698163485353113,0.0005608178636174199,53.8
T24,2025-09-24T11:05:34.437143,S4,0.006589840586309903,0.001286665182616009,54.9
T24,2025-09-24T11:06:31.437143,S4,0.0036936828633241728,0.005031253215184083,51.5
T24,2025-09-24T11:07:39.437143,S4,0.0011142024663594852,0.004491760843842697,47.5
T24,2025-09-24T11:08:07.437143,S4,0.007691245030812988,0.008230830960078367,46.3
T24,2025-09-24T11:09:27.437143,S3,0.005515748199986338,0.009066648111469134,45.8
T24,2025-09-24T11:10:36.437143,S3,0.007126832048752064,0.0056178937488058946,46.7
T24,2025-09-24T11:11:19.437143,S3,0.0004753128953797492,0.005051648453605023,45.9
T24,2025-09-24T11:12:23.437143,S2,0.009184521600704574,0.00345632969348564,43.8
T24,2025-09-24T11:13:28.437143,S2,0.006138144046616886,0.003211398669010962,33.3
T24,2025-09-24T11:14:28.437143,S2,0.004262438600588138,0.004616054805248761,45.9
T24,2025-09-24T11:15:05.437143,S2,0.004437520421909842,0.006283752185487261,66.4
T24,2025-09-24T11:16:31.437143,S2,0.0024315833312987534,0.00457223192113999,54.0
T24,2025-09-24T11:17:21.437143,S2,0.006418552179057405,4.912570052507781e-05,46.5
T24,2025-09-24T11:18:14.437143,S2,0.0038177774080181207,0.005899929357310901,40.1
T24,2025-09-24T11:19:07.437143,S5,0.007957822750372988,0.0037689205811069514,55.1
T24,2025-09-24T11:20:20.437143,S5,0.008855588900263554,0.0034515654622614324,57.8
T24,2025-09-24T11:21:07.437143,S5,0.0008197723568372317,0.004790982383088266,37.4
T24,2025-09-24T11:22:32.437143,S8,0.005145928634667178,0.005067269920228866,50.1
T24,2025-09-24T11:23:41.437143,S8,0.005539464702534793,0.007026008910675703,50.4
T24,2025-09-24T11:24:44.437143,S2,0.0007628958579777734,0.003171103827473636,41.1
T24,2025-09-24T11:25:11.437143,S2,0.002578020550160637,0.004957877631074964,45.8
T24,2025-09-24T11:26:20.437143,S2,0.0023384435631066017,0.00789931982679674,55.0
T24,2025-09-24T11:27:14.437143,S2,0.008179314515885838,0.004036323928984186,41.4
T24,2025-09-24T11:28:20.437143,S2,0.004160034603468298,0.001187455304316245,51.7
T24,2025-09-24T11:29:43.437143,S2,0.009251871426815604,0.0005496459607752668,45.5
T24,2025-09-24T11:30:14.437143,S2,0.002076830966047216,0.002013050511246617,55.6
T24,2025-09-24T11:31:19.437143,S2,0.007730756916152115,0.0038672972312509767,46.4
T24,2025-09-24T11:32:34.437143,S2,0.00879674633214827,0.003652739210848245,53.3
T24,2025-09-24T11:33:40.437143,S2,0.0004160404949500674,0.0040419687321723834,49.9
T24,2025-09-24T11:34:43.437143,S2,0.009789975287604273,0.007076828857438076,38.7
T24,2025-09-24T11:35:05.437143,S2,0.0014590640148395629,0.007342052729614496,48.4
T24,2025-09-24T11:36:14.437143,S2,0.005655650744833628,0.0007724780167558055,54.4
T25,2025-09-24T11:18:43.437143,S7,0.006444216968471923,0.004164311559865338,63.9
T25,2025-09-24T11:19:31.437143,S7,0.0004748308347122499,0.0008239895088663451,59.3
T25,2025-09-24T11:20:27.437143,S7,0.008868938620638785,0.008933798982079364,66.1
T25,2025-09-24T11:21:43.437143,S1,0.008763524989955508,0.0010697488107541387,56.7
T25,2025-09-24T11:22:13.437143,S5,0.00920310137618542,0.006078082624110108,73.6
T25,2025-09-24T11:23:10.437143,S5,5.5179827063346345e-05,0.002316660789130697,60.0
T25,2025-09-24T11:24:29.437143,S6,0.002209538981622471,0.008540258639714015,52.5
T25,2025-09-24T11:25:10.437143,S6,0.0044518715759619965,0.0021137022698968634,58.3
T25,2025-09-24T11:26:18.437143,S2,0.0074628540748649195,0.00930563319916391,62.3
T25,2025-09-24T11:27:43.437143,S2,0.003543653322262881,0.0019371350739817638,61.8
T25,2025-09-24T11:28:15.437143,S5,0.005747080831600055,0.004939047222280501,70.7
T26,2025-09-24T11:16:43.437143,S7,0.0030004699168511106,0.007541667208571474,59.8
T26,2025-09-24T11:17:35.437143,S7,0.002385053806119527,0.0021971683356434234,58.3
T26,2025-09-24T11:18:12.437143,S7,0.003063824514771658,0.009983637325573644,45.8
T26,2025-09-24T11:19:14.437143,S7,0.006583965853410902,0.008048843183052401,60.6
T26,2025-09-24T11:20:33.437143,S7,0.0007213521535823609,0.003279263397890756,73.7
T26,2025-09-24T11:21:42.437143,S7,0.005315889201850241,0.009235884433943823,68.2
T26,2025-09-24T11:22:14.437143,S7,0.004185367450300463,0.0033903804588952913,67.9
T26,2025-09-24T11:23:42.437143,S7,0.005640769183900445,5.264942528518724e-05,57.5
T26,2025-09-24T11:24:07.437143,S7,0.001358311920076073,0.0040997494831506364,55.7
T26,2025-09-24T11:25:14.437143,S3,0.0009276203186231569,0.006049766273786822,71.2
T26,2025-09-24T11:26:23.437143,S3,0.00196498867146964,0.0023804793794756384,54.6
T26,2025-09-24T11:27:42.437143,S3,0.0061521472049902645,0.0016158542324531734,63.7
T26,2025-09-24T11:28:19.437143,S3,0.001989872442780102,0.004227168691316455,70.0
T26,2025-09-24T11:29:26.437143,S3,0.007312220427519102,0.0018636523806125004,57.0
T26,2025-09-24T11:30:04.437143,S3,0.007558024931339517,0.000561839722987758,66.0
T26,2025-09-24T11:31:41.437143,S3,0.003700570431652307,0.007108902022545355,56.9
T26,2025-09-24T11:32:15.437143,S3,6.75074582637203e-05,0.003394863954872962,57.2
T26,2025-09-24T11:33:19.437143,S3,0.002172158405873794,0.009052252628815281,58.7
T26,2025-09-24T11:34:10.437143,S3,0.0008928326615979542,0.007211057887301534,66.7
T26,2025-09-24T11:35:19.437143,S3,0.009687103339721857,0.008268792071584487,55.4
T26,2025-09-24T11:36:40.437143,S3,0.0007115883518606558,0.003012865472386481,65.9
T26,2025-09-24T11:37:27.437143,S3,0.0033275714871467523,0.0009229893136947987,67.4
T26,2025-09-24T11:38:42.437143,S3,0.008963062253524117,0.007619178478525611,58.2
T26,2025-09-24T11:39:33.437143,S3,0.004533730430682836,0.0016650357682023765,70.9
T26,2025-09-24T11:40:32.437143,S3,0.007552404099256402,0.0032911573441747268,59.7
T26,2025-09-24T11:41:12.437143,S3,0.00218005597056953,0.009883521073453456,60.5
T26,2025-09-24T11:42:24.437143,S3,0.004853692301411857,0.007445963878296085,63.4
T26,2025-09-24T11:43:33.437143,S3,0.005133395827286661,0.005323270516535436,70.9
T26,2025-09-24T11:44:41.437143,S3,0.008287481208683983,0.0035344036655512445,64.7
T26,2025-09-24T11:45:34.437143,S3,0.002167141780616122,0.004049345221787174,57.9
T27,2025-09-24T11:09:16.437143,S2,0.0005213792171225629,0.009288895374348302,72.1
T27,2025-09-24T11:10:37.437143,S2,0.003369740619510252,0.006502014251077927,52.3
T27,2025-09-24T11:11:04.437143,S7,0.001715439522996115,0.0032787610279081548,67.8
T27,2025-09-24T11:12:20.437143,S7,0.007565176056463911,0.008137109262467569,77.3
T27,2025-09-24T11:13:33.437143,S1,0.0058118806759576425,0.0004753479130802285,58.7
T27,2025-09-24T11:14:31.437143,S5,0.001285441890010135,0.0008496113978251041,59.9
T27,2025-09-24T11:15:19.437143,S5,0.009933204448402998,0.00047218536101861,67.2
T27,2025-09-24T11:16:04.437143,S5,0.0013401185512151314,0.0023755792097300034,64.3
T27,2025-09-24T11:17:31.437143,S4,0.008046984384177983,0.007405217462316788,70.6
T27,2025-09-24T11:18:40.437143,S1,0.0015023535872696137,0.002550202371865068,66.2
T27,2025-09-24T11:19:18.437143,S1,0.006887775603486766,0.008950863041456026,59.2
T27,2025-09-24T11:20:20.437143,S1,0.006634625407671107,0.00015903366321248002,60.1
T27,2025-09-24T11:21:05.437143,S4,0.000791005878017551,0.006250529930129136,65.8
T27,2025-09-24T11:22:24.437143,S4,0.007430869021188022,0.0012462470322514862,73.4
T27,2025-09-24T11:23:05.437143,S4,0.006038155801318787,0.001959474790669861,66.0
T27,2025-09-24T11:24:07.437143,S4,0.0028989581312844326,0.0023620256092974435,62.6
T27,2025-09-24T11:25:09.437143,S4,0.0016670732871121585,0.0028095167639044906,57.2
T27,2025-09-24T11:26:33.437143,S4,0.001278145052361458,0.008218629536098228,61.4
T27,2025-09-24T11:27:18.437143,S4,0.005427830029453677,0.002850714905036932,68.8
T27,2025-09-24T11:28:29.437143,S4,0.006867574891367212,0.0028484967794592374,55.6
T27,2025-09-24T11:29:20.437143,S4,0.004850177675579618,0.006295619632367459,67.3
T27,2025-09-24T11:30:14.437143,S4,0.0009949322462965483,0.0011736492466614778,71.5
T27,2025-09-24T11:31:18.437143,S4,0.004605530710153662,0.00836303681158487,67.8
T27,2025-09-24T11:32:04.437143,S4,0.003231603587444606,0.007720371789776631,75.8
T27,2025-09-24T11:33:27.437143,S4,0.0009757515533735883,0.00494727142930209,73.3
T27,2025-09-24T11:34:30.437143,S4,0.002269173646295224,0.0025342708827219918,73.4
T27,2025-09-24T11:35:37.437143,S3,0.008299106569757608,0.00033149526123454567,58.8
T27,2025-09-24T11:36:37.437143,S5,0.005143477042294521,0.00916775554667958,66.7
T27,2025-09-24T11:37:39.437143,S5,0.003132753305325997,0.003464778142550129,60.1
T27,2025-09-24T11:38:21.437143,S5,0.0018798186806698325,0.009735968015639276,75.8
T27,2025-09-24T11:39:40.437143,S5,0.004372711963576149,0.002726955693642691,53.5
T27,2025-09-24T11:40:05.437143,S5,0.0013347227276284057,0.008182364084050943,68.0
T27,2025-09-24T11:41:28.437143,S5,0.009492218842126414,0.0031261092192019415,65.3
T27,2025-09-24T11:42:09.437143,S5,0.009791309503711989,0.00636717821403608,59.8
T27,2025-09-24T11:43:28.437143,S5,0.007949134982652655,0.0038611808376591405,59.8
T28,2025-09-24T11:21:17.437143,S3,0.006583957200357845,0.00525021748284609,74.5
T28,2025-09-24T11:22:09.437143,S3,0.006282131596741695,0.002437191779038833,82.2
T28,2025-09-24T11:23:39.437143,S3,0.007071225792196893,0.003299122955821786,88.0
T28,2025-09-24T11:24:29.437143,S3,0.001278398991716514,0.004887025522080647,65.5
T28,2025-09-24T11:25:24.437143,S3,0.0017415761656420425,0.003925423371372677,78.2
T28,2025-09-24T11:26:12.437143,S1,0.0007586867646677642,0.006389492006968764,75.8
T28,2025-09-24T11:27:22.437143,S1,0.0015422061106497664,0.0008329561812599629,76.2
T28,2025-09-24T11:28:44.437143,S1,0.005861108767183898,0.0030982900545763426,78.8
T28,2025-09-24T11:29:16.437143,S1,0.008291703887070187,0.00986791040465346,76.0
T28,2025-09-24T11:30:29.437143,S1,0.009704955437951556,0.0023771711089773952,86.1
T28,2025-09-24T11:31:39.437143,S1,0.0026116857682481755,0.0035256287816260545,72.8
T28,2025-09-24T11:32:20.437143,S1,0.008999273619447159,0.002724544481600685,72.8
T28,2025-09-24T11:33:13.437143,S1,0.008980495794981962,0.0013824950817426685,84.8
T28,2025-09-24T11:34:12.437143,S1,0.009988545380851706,0.009340340389790197,81.0
T28,2025-09-24T11:35:16.437143,S1,0.0012618111499166362,0.0023147262847015193,84.1
T28,2025-09-24T11:36:07.437143,S1,0.00674892413376305,0.004377086235827349,86.9
T28,2025-09-24T11:37:10.437143,S1,0.005447188328197689,0.007631761354451067,72.9
T28,2025-09-24T11:38:18.437143,S1,0.009358388569928414,0.004154078738149092,71.0
T28,2025-09-24T11:39:35.437143,S1,0.007997566998404905,0.005677271299371447,79.1
T28,2025-09-24T11:40:29.437143,S1,0.005939154652233476,0.00435078204482618,74.1
T28,2025-09-24T11:41:22.437143,S1,0.0036798455597387494,0.00041098618311163573,80.7
T28,2025-09-24T11:42:05.437143,S1,0.009902684260032742,0.007717207725407369,80.8
T28,2025-09-24T11:43:36.437143,S1,0.0047350988555369,3.0211208758392784e-05,84.8
T28,2025-09-24T11:44:23.437143,S1,0.00596638144591075,0.00438952794401836,85.5
T28,2025-09-24T11:45:41.437143,S1,0.0013121749245302583,0.0033995242818993967,74.1
T28,2025-09-24T11:46:07.437143,S1,0.004620936430314358,0.0006629993973683513,80.5
T28,2025-09-24T11:47:24.437143,S1,0.0032400672417388842,0.0013445286622963627,78.4
T28,2025-09-24T11:48:21.437143,S1,0.00030952590965684925,0.004236962980673571,70.9
T28,2025-09-24T11:49:42.437143,S1,0.0072317874882654185,0.005179885195099257,89.8
T28,2025-09-24T11:50:09.437143,S1,0.002990192801455384,0.007325608312884763,81.5
T28,2025-09-24T11:51:20.437143,S1,0.009242990547857934,0.00425959764322246,79.8
T28,2025-09-24T11:52:28.437143,S8,0.00424579507930563,0.0007039801758073161,78.3
T28,2025-09-24T11:53:33.437143,S2,0.007549942517679761,0.001056767351880802,74.9
T28,2025-09-24T11:54:29.437143,S2,0.0075703950752385556,0.004607225182267002,69.3
T28,2025-09-24T11:55:05.437143,S2,0.00892713265536878,0.008580427309309292,84.5
T29,2025-09-24T11:10:44.437143,S3,0.007696111070599931,0.0024098740084910774,68.3
T29,2025-09-24T11:11:05.437143,S3,0.002261933442245733,0.003331788817670459,62.3
T29,2025-09-24T11:12:37.437143,S3,0.0019050907772274906,0.003377013293868314,58.9
T29,2025-09-24T11:13:18.437143,S2,0.00462320966227346,0.0022867352015601083,53.9
T29,2025-09-24T11:14:33.437143,S2,0.005665950107703546,0.008368174121803813,66.7
T29,2025-09-24T11:15:36.437143,S6,0.006982863104773127,0.005997716373348803,62.3
T29,2025-09-24T11:16:29.437143,S6,0.005712727233188442,0.008616146265947366,51.6
T29,2025-09-24T11:17:39.437143,S6,0.0016983598049752247,0.0009673001968051909,69.4
T29,2025-09-24T11:18:31.437143,S6,0.007885045291093839,0.0064523590525365606,60.1
T29,2025-09-24T11:19:29.437143,S3,0.0012726873540835216,0.003271181274976873,72.2
T29,2025-09-24T11:20:12.437143,S3,0.00831026009116531,0.009196576078562458,62.9
T29,2025-09-24T11:21:05.437143,S3,0.009757769452251106,0.00217436472489401,69.4
T29,2025-09-24T11:22:19.437143,S3,0.009328516424630276,0.005724891311096445,64.5
T29,2025-09-24T11:23:08.437143,S2,0.008570526280239531,0.003984987858037155,67.4
T29,2025-09-24T11:24:43.437143,S2,0.009104566112532473,0.007830917388265655,53.2
T29,2025-09-24T11:25:14.437143,S2,0.008587989220997247,0.008241275192376716,71.4
T29,2025-09-24T11:26:05.437143,S2,0.0021276835444675245,0.005296855726383764,71.8
T29,2025-09-24T11:27:38.437143,S2,0.0002641906345717249,0.008065507246955763,56.5
T29,2025-09-24T11:28:06.437143,S2,0.0070536257722412345,0.0008528587152407541,58.3
T29,2025-09-24T11:29:09.437143,S2,0.009792560384381642,0.0022546409623604114,68.0
T29,2025-09-24T11:30:25.437143,S2,0.0014512275343550485,0.008540532321916575,68.4
T29,2025-09-24T11:31:15.437143,S6,0.003781313589181353,0.0033961945080363556,69.5
T29,2025-09-24T11:32:19.437143,S6,0.008418390329418834,0.002563731958406562,56.1
T30,2025-09-24T11:03:15.437143,S3,0.0033722965728258635,0.00030245933239718913,53.8
T30,2025-09-24T11:04:16.437143,S3,0.009348710767991979,0.004778757040823011,38.9
T30,2025-09-24T11:05:33.437143,S3,0.005229992425121632,0.009452845093150104,53.7
T30,2025-09-24T11:06:13.437143,S3,0.0010005328879331343,0.0003378060652213799,56.1
T30,2025-09-24T11:07:28.437143,S3,0.00691820578107749,0.0053341305358214006,49.6
T30,2025-09-24T11:08:32.437143,S3,0.00018885642205015318,0.0024180262059385936,36.5
T30,2025-09-24T11:09:31.437143,S3,0.002004794362540674,0.003948136400070512,49.5
T30,2025-09-24T11:10:22.437143,S7,0.005502128547097135,0.005334023446417427,44.3
T30,2025-09-24T11:11:11.437143,S7,0.009225470859348312,0.009555817371282522,56.3
T30,2025-09-24T11:12:34.437143,S7,0.0065709727366872065,0.0013343050895421483,50.8
T30,2025-09-24T11:13:15.437143,S7,0.0030915074904079754,0.0006854075739547349,44.4
T30,2025-09-24T11:14:04.437143,S3,0.003007277809069359,0.004705595194264687,36.6
T30,2025-09-24T11:15:22.437143,S3,0.005858949267087473,0.007249710200462972,40.5
T30,2025-09-24T11:16:27.437143,S3,0.004620906432055521,0.0058069680516253976,54.4
T30,2025-09-24T11:17:15.437143,S3,0.00563183417641983,0.008793535609656724,56.9
T30,2025-09-24T11:18:29.437143,S3,0.004098183242147205,0.005876061584671104,56.1
T30,2025-09-24T11:19:16.437143,S3,0.006773117589365586,0.009826889899193267,57.7
T30,2025-09-24T11:20:31.437143,S5,0.007739173606687164,0.0051025522704191365,50.3
T30,2025-09-24T11:21:30.437143,S5,0.005507918005529106,0.005027179074617371,53.0
T30,2025-09-24T11:22:17.437143,S5,0.00969502514716154,0.0009918825700212942,36.9
T30,2025-09-24T11:23:07.437143,S5,0.005781672849664468,0.008673656072270174,59.3
T30,2025-09-24T11:24:31.437143,S5,0.006835884765940146,0.0008647416428435062,45.7
T30,2025-09-24T11:25:35.437143,S5,0.00031247545770540563,0.008929992351797297,43.9
T30,2025-09-24T11:26:35.437143,S5,0.0019261121340196018,0.007189281957293247,47.9
T30,2025-09-24T11:27:13.437143,S5,0.003937885812970361,0.006810624798438948,40.9
T30,2025-09-24T11:28:06.437143,S4,0.00263863491993341,0.002739040911442031,48.5
T30,2025-09-24T11:29:04.437143,S2,0.0032884316712630426,0.002306048178718574,51.0